# taken	2026-09-29
# commit	598bd134
# machine	Intel Core Processor (Haswell, no TSX)
# load	1.14
# best of	5
engine	measure	ns	answer
Kest	size	708632.00	0
Lua 5.4	size	266320.00	0
LuaJIT	size	569440.00	0
Luau	size	1002160.00	0
Luau, native	size	1772192.00	0
QuickJS	size	1196128.00	0
C	frame	3.12	2902674
Kest	memory	27633.00	0
Kest	frame	65.85	2902674
Kest	budget	65.05	2902674
Kest	body	72.17	2902674
Kest	ask	27.73	499999500000
Kest, compiled	frame	5.12	2902674
Kest, compiled	budget	5.12	2902674
Kest, compiled	body	47.09	2902674
Kest, compiled	ask	18.05	499999500000
C	threads1	3.40	1612939
C	threads2	1.72	1612939
C	threads4	1.00	1612939
C	threads8	0.86	1612939
Kest	threads1	73.05	1612939
Kest	threads2	33.70	1612939
Kest	threads4	21.77	1612939
Kest	threads8	11.96	1612939
Kest, compiled	threads1	5.80	1612939
Kest, compiled	threads2	3.05	1612939
Kest, compiled	threads4	1.65	1612939
Kest, compiled	threads8	1.10	1612939
Kest	stop	15686.00	0
Kest, compiled	stop	0.00	0
Kest	reload	2486579.00	0
Kest	churn50	482301.00	331681
Kest	churn99	1384488.00	331681
Kest	churnmax	2113817.00	331681
Kest, walked between frames	churn50	1107356.00	331681
Kest, walked between frames	churn99	1891946.00	331681
Kest, walked between frames	churnmax	2960352.00	331681
Lua 5.4	memory	26855.00	0
Lua 5.4	frame	139.99	2902674
Lua 5.4	budget	336.24	2902674
Lua 5.4	body	160.64	2902674
Lua 5.4	ask	34.47	499999500000
Lua 5.4	reload	487598.00	0
Lua 5.4	churn50	1265876.00	331681
Lua 5.4	churn99	5140543.00	331681
Lua 5.4	churnmax	8417349.00	331681
Lua 5.4	stop	13247.00	0
Lua 5.4	threads1	151.62	1612939
Lua 5.4	threads2	86.80	1612939
Lua 5.4	threads4	46.42	1612939
Lua 5.4	threads8	32.87	1612939
Lua 5.4, generational	churn50	1221352.00	331681
Lua 5.4, generational	churn99	6016942.00	331681
Lua 5.4, generational	churnmax	11165513.00	331681
LuaJIT, interpreted	memory	57016.00	0
LuaJIT, interpreted	frame	82.68	2902674
LuaJIT, interpreted	budget	110.98	2902674
LuaJIT, interpreted	body	122.48	2902674
LuaJIT, interpreted	ask	24.23	499999500000
LuaJIT, interpreted	reload	454761.00	0
LuaJIT, interpreted	churn50	503247.00	331681
LuaJIT, interpreted	churn99	2262583.00	331681
LuaJIT, interpreted	churnmax	3649393.00	331681
LuaJIT, interpreted	stop	28246.00	0
LuaJIT, interpreted	threads1	84.36	1612939
LuaJIT, interpreted	threads2	46.22	1612939
LuaJIT, interpreted	threads4	23.42	1612939
LuaJIT, interpreted	threads8	16.43	1612939
LuaJIT	memory	57016.00	0
LuaJIT	frame	3.30	2902674
LuaJIT	budget	3.28	2902674
LuaJIT	body	91.61	2902674
LuaJIT	ask	27.45	499999500000
LuaJIT	reload	455012.00	0
LuaJIT	churn50	225077.00	331681
LuaJIT	churn99	1952071.00	331681
LuaJIT	churnmax	3081720.00	331681
LuaJIT	stop	0.00	0
LuaJIT	threads1	3.88	1612939
LuaJIT	threads2	2.20	1612939
LuaJIT	threads4	1.40	1612939
LuaJIT	threads8	1.04	1612939
Luau	memory	52563.00	0
Luau	frame	94.94	2902674
Luau	budget	98.41	2902674
Luau	body	163.60	2902674
Luau	ask	30.95	499999500000
Luau	churn50	728778.00	331681
Luau	churn99	1995646.00	331681
Luau	churnmax	3696592.00	331681
Luau	stop	44818.00	0
Luau	threads1	96.73	1612939
Luau	threads2	52.30	1612939
Luau	threads4	28.01	1612939
Luau	threads8	16.68	1612939
Luau, native	memory	52563.00	0
Luau, native	frame	41.61	2902674
Luau, native	budget	43.64	2902674
Luau, native	body	135.11	2902674
Luau, native	ask	30.66	499999500000
Luau, native	churn50	473204.00	331681
Luau, native	churn99	1547828.00	331681
Luau, native	churnmax	3251899.00	331681
Luau, native	stop	44561.00	0
Luau, native	threads1	44.63	1612939
Luau, native	threads2	23.11	1612939
Luau, native	threads4	11.77	1612939
Luau, native	threads8	7.37	1612939
QuickJS	memory	102800.00	0
QuickJS	frame	569.24	2902674
QuickJS	budget	593.70	2902674
QuickJS	body	876.65	2902674
QuickJS	ask	78.20	499999500000
QuickJS	churn50	1247979.00	331681
QuickJS	churn99	2303812.00	331681
QuickJS	churnmax	4181077.00	331681
QuickJS	stop	108433.00	0
QuickJS	threads1	598.63	1612939
QuickJS	threads2	326.32	1612939
QuickJS	threads4	168.23	1612939
QuickJS	threads8	92.40	1612939
